{
    "loss": 8.889772415161133,
    "accuracy": 0.5686274766921997
}