{
    "loss": 10.751708984375,
    "accuracy": 0.5686274766921997
}